"","phytochemical","cid"
"1","alkaloids",0
"10","gallic acid",370
"16","beta-sitosterol",222284
"20","gallic acid",370
"24","rutin",5280805
"36","Sesquiterpene lactone",0
"37","artemisia alcohol",100197
"39","santolina alcohol",519843
"42","1,8-cineole",2758
"43","bornyl acetate",6448
"44","camphor",2537
"51","?-thujone",0
"52","1,8-cineol",2758
"53","beta-caryophyllen",5281522
"54","camphor",2537
"55","linalool",6549
"56","myrcene",31253
"57","1,8-cineole",2758
"61","beta-thujone",91456
"66","camphor",2537
"73","1,8-cineole",2758
"74","alismol",15934381
"75","alpha-cadinol",10398656
"76","beta-pinene",14896
"77","borneol",64685
"78","camphor",2537
"79","caryophyllene oxide",1742210
"80","sabinene",18818
"81","tau-cadinol",160799
"82","trans-thujone",91456
"83","3-non-anol",0
"84","artemisia alcohol",100197
"85","artemisia ketone",68346
"86","carvacrol",10364
"87","cis-thujone",249286
"88","d-myrcene",0
"89","ethyl n-amylketone",246728
"90","eugenol",3314
"91","l-linalool",443158
"92","nerol",643820
"93","n-hexen(3)-ol(1)",0
"94","sabinene",18818
"95","santolina alcohol",519843
"96","trans-thujone",91456
"97","?-pinene",0
"98","?-terpineol",0
"110","lignans",443013
"117","1,8-cineole",2758
"121","beta-thujone",91456
"122","camphor",2537
"127","p-cymene",7463
"150","2alpha-hydroxyoleanolic acid",73659
"151","2alpha-hydroxyursolic acid",6918774
"155","euscaphic acid",471426
"162","asiatic acid",119034
"163","beta-daucosterol",5742590
"164","beta-sitosterol",222284
"165","catechin",9064
"166","epicatechin",72276
"168","ursolic acid",64945
"175","alkaloids",0
"176","beta-sitosterol",222284
"177","daucosterol",5742590
"181","oleanolic acid",10494
"219","stigmasterol",5280794
"241","caffeic acid",689043
"256","kaempferol",5280863
"271","alstiphyllanine A",45268837
"272","alstiphyllanine B",45270514
"273","alstiphyllanine C",45270515
"274","alstiphyllanine D",45269680
"275","alstoniaphylline A",71665870
"276","alstoniaphylline B",71665846
"277","alstoniaphylline C",71665847
"278","alpneumine A",0
"279","alpneumine B",0
"280","alpneumine C",0
"281","alpneumine D",0
"282","alpneumine E",0
"283","alpneumine F",46906305
"284","alpneumine G",3039951
"285","alpneumine H",46906334
"300","beta-sitosterol",222284
"330","Alkaloids",0
"331","(-)-epicatechin",72276
"332","3-glucoside",0
"333","chlorogenic acid",1794427
"334","hydroxybenzoic acids",0
"335","Quercetin 3-galactoside",5281643
"336","4-vinylguaiacol",332
"337","acetoanisole",0
"338","eugenol",3314
"339","linalool",6549
"340","morrilol",0
"341","?-caryophyllene",0
"345","beta-daucosterol",5742590
"346","beta-sitosterol",222284
"352","alpha-bisabolol",442343
"353","alpha-humulene",5281520
"354","camphene",6616
"358","beta-sitosterol",222284
"359","beta-sitosterol",222284
"361","gallic acid",370
"362","myricetin",5281672
"363","myricetin",5281672
"366","stigmasterol",5280794
"367","beta-sitosterol",222284
"368","catechin",9064
"369","daucosterol",5742590
"371","palmitic acid",985
"377","beta-sitosterol",222284
"378","caffeic acid",689043
"379","daucosterol",5742590
"380","p-coumaric acid",637542
"382","14-deoxy-11,12-didehydroandrographolide",5708351
"384","7-O-methyldihydrowogonin",0
"385","7-O-methylwogonin",188316
"386","andrograpanin",11666871
"390","(2R)-5-hydroxy-7,8-dimethoxyflavanone-5-O-beta-D-glucopyranoside",0
"391","12S-hydroxyandrographolide",44575259
"392","14-deoxy-11, 12-didehydroandrographiside",0
"393","14-deoxy-11, 12-didehydroandrographolide",0
"394","14-deoxy-11,12-didehydroandrographiside",44575271
"395","14-deoxy-11,12-didehydroandrographolide",5708351
"396","14-deoxy-17-hydroxyandrographolide",11631693
"397","14-deoxy-andrographolide",0
"398","19-hydroxy-8 (17), 13-labdadien-15, 16-olide",0
"399","19-O-[beta-D-apiofuranosyl(1-->2)-beta-D-glucopyranoyl]-3,14-dideoxyandrographolide",0
"400","2'-hydroxy-5, 7, 8-trimethoxyflavone",0
"401","3, 14-di-deoxyandrographolide",0
"402","3-O-beta-D-glucopyranosyl-14,19-dideoxyandrographolide",11576609
"403","3-O-beta-d-glucopyranosylandrographolide",11519131
"404","3-O-beta-D-glucosyl-14-deoxy-11,12-didehydroandrographiside",0
"405","3-O-beta-D-glucosyl-14-deoxyandrographiside",0
"406","3-oxo-14-deoxy-andrographolide",0
"407","4-hydroxy-2-methoxycinnamaldehyde",5374604
"408","5, 2', 6'-trihydroxy-7-methoxyflavone 2'-O-beta-D-glucopyranoside",0
"409","5, 2'-dihydroxy-7, 8-dimethoxyflavone",0
"410","5, 2'-dihydroxy-7, 8-dimethoxyflavone 2'-O-beta-D-glucopyranoside",0
"411","5, 2'-dihydroxy-7, 8-dimethoxyflvone",0
"412","5, 3'-dihydroxy-7, 8, 4'-trimethoxyflavone",0
"413","5, 4'-dihydroxy-7, 8, 2', 3'-tetramethoxyflavone",0
"414","5, 4'-dihydroxy-7, 8, 2', 3'-tetramethoxyflavone",0
"415","5, 5'-dihydroxy-7, 8, 2'-trimetroxyflavone",0
"416","5, 7, 3', 4'-tetrahydroxyflavone",0
"417","5, 7, 4'-trihydroxyflavone",0
"418","5, 7, 8, 2'-tetramethoxyflavone",0
"419","5, 7, 8-trimethoxydihydroflavone",0
"420","5-hydroxy-7, 8, 2', 3', 4'-pentamethoxyflavone",0
"421","5-hydroxy-7, 8, 2', 3'-tetramethoxyflavone",0
"422","5-hydroxy-7, 8, 2', 3'-tetramethoxyflavone",0
"423","5-hydroxy-7, 8, 2', 5'-tetramethoxyflavone",0
"424","5-hydroxy-7, 8, 2', 5'-tetramethoxy-flavone",0
"425","5-hydroxy-7, 8, 2', 6'-tetramethoxyflavone",0
"426","5-hydroxy-7, 8, 2'-trimethoxyflavone",0
"427","5-hydroxy-7, 8-dimethoxyflavanone",0
"428","5-hydroxy-7, 8-dimethoxyflavone",0
"429","5-hydroxy-7,8,2',5'-tetramethoxy-flavone-5-O-beta-D-glucopyranoside",16215023
"430","5-hydroxy-7,8-dimethoxy (2R)-flavanone-5-O-beta-D-glucopyranoside",16215025
"431","6-epi-8-O-acetylharpagide",494583
"432","7,8-dimethoxy-2'-hydroxy-5-O-?-d-glucopyranosyloxyflavone",0
"433","7-O-methyldihydrowogonin",0
"434","7-O-methylwogonin",188316
"435","acanthoside B",443024
"436","andrograpanin",11666871
"437","andrographatoside",11533372
"438","andrographic acid",16215024
"439","andrographidine A",13963762
"440","andrographidine A",13963762
"441","andrographidine B",0
"442","andrographidine C",5318484
"443","andrographidine C",5318484
"444","andrographidine G",0
"445","Andrographidoids A",0
"446","Andrographidoids B",0
"447","Andrographidoids C",0
"448","Andrographidoids D",0
"449","Andrographidoids E",0
"450","andrographiside",44593583
"451","andrographiside",44593583
"452","andrographolide",5318517
"453","andrographolide",5318517
"454","andrographolide",5318517
"455","andropanoside",44575270
"456","beta-daucosterol",5742590
"457","beta-sitosterol",222284
"458","curvifloruside F",95224650
"459","curvifloruside F",95224650
"460","deoxyandrographiside",0
"461","dihydroneobaicalein",0
"462","dihydroskullcapflavone",12098358
"463","isoandrographolide",343585
"464","neoandrographiside",9848024
"465","neoandrographolide",9848024
"466","neoandrographolide",9848024
"467","oleanolic acid",10494
"468","procumbide",21604824
"469","procumboside",0
"470","skullcapflavone-2'-methoxylether",0
"471","trans-cinnamic acid",444539
"472","wightin",12444943
"495","beta-sitosterol",222284
"498","daucosterol",5742590
"499","daucosterol",5742590
"503","palmitic acid",985
"506","quercetin",5280343
"507","stearic acid",5281
"511","beta-sitosterol",222284
"512","daucosterol",5742590
"516","oleanolic acid",10494
"518","rutin",5280805
"519","alkaloids",0
"520","sesquiterpenes glycoside",0
"528","ursolic acid",64945
"530","Alkaloids",0
"531","Leucoanthocyanin",0
"533","daucosterol",5742590
"534","hyperin",5281643
"538","kaempferol",5280863
"540","quercetin",5280343
"543","vanillic acid",8468
"544","kaempferol",5280863
"547","quercetin",5280343
"550","beta-sitosterol",222284
"557","daucosterol",5742590
"558","oleanolic acid",10494
"561","daucosterol",5742590
"565","alkaloids",0
"566","Alkaloids",0
"575","(E)-beta-farnesene",5281517
"576","1,8-cineole",2758
"577","1-epi-cubenol",519857
"578","beta-caryophyllene",5281515
"579","camphor",2537
"580","germacrene D",5317570
"581","linalool",6549
"582","1,8-cineole",2758
"583","camphor",2537
"584","germacrene D",5317570
"589","limonene",22311
"590","eucalyptol",2758
"591","germacrene D",5317570
"592","(Z)-?-ocimene",0
"593","4-terpineol",11230
"594","germacrene D",5317570
"595","iso-elemicin",0
"596","?-pinene",0
"597","beta-farnesene",5281517
"598","beta-thujone",91456
"599","caryophyllene",5281515
"600","eucalyptol",2758
"601","alpha-pinene",6654
"602","gamma-terpinene",7461
"603","germacrene D",5317570
"604","borneol",64685
"605","camphor",2537
"606","eucalyptol",2758
"607","geranyl butyrate",5355856
"608","1,8-Cineole",2758
"609","?-curcumene",0
"610","dihydroartoindonesianin C",0
"611","pyranocycloartobiloxanthone A",0
"617","alkaloids",0
"631","stigmasterol",5280794
"641","flavonoids",0
"642","angustifonine A",73891100
"643","angustifonine B",102361797
"650","brucein D",122784
"651","brucein E",122785
"652","bruceoside B",3000796
"658","yadanzioside B",72952
"659","yadanzioside C",6436227
"660","yadanzioside E",460522
"661","yadanzioside I",10484290
"662","yadanzioside K",134715121
"663","bruceantinoside A",6436226
"664","brucein D",122784
"665","brucein E",122785
"666","bruceoside A",441789
"667","bruceoside B",3000796
"668","bruceoside C",73122
"669","bruceoside E",460524
"670","brusatol",73432
"671","javanicolide C",11214625
"672","javanicolide D",11455840
"673","javanicolide E",70686049
"674","javanicolide F",46182898
"675","javanicoside B",11169907
"676","javanicoside C",11169890
"677","javanicoside D",0
"678","javanicoside E",11274270
"679","javanicoside F",11445415
"680","yadanziolide A",10320238
"681","yadanziolide C",10409280
"682","yadanziolide D",0
"683","yadanziolide S",0
"684","yadanzioside A",72956
"685","yadanzioside B",72952
"686","yadanzioside C",6436227
"687","yadanzioside D",0
"688","yadanzioside E",460522
"689","yadanzioside F",72955
"690","yadanzioside G",6436228
"691","yadanzioside I",10484290
"692","yadanzioside K",134715121
"693","yadanzioside L",6436225
"694","yadanzioside M",72961
"695","yadanzioside N",6451089
"696","yadanzioside O",10417797
"697","yadanzioside P",6474271
"700","(+)-pinoresinol",73399
"701","(+)-syringaresinol",443023
"727","daucosterol",5742590
"729","luteolin",5280445
"732","stigmasterol",5280794
"734","vanillic acid",8468
"745","oleanolic acid glycoside 1",0
"746","oleanolic acid glycoside 2",0
"747","oleanolic acid glycoside 3",0
"748","oleanolic acid glycoside 4",0
"749","oleanolic acid glycoside 5",0
"750","Sesquiterpene glycoside",0
"751","(5'Z)-gamma-carotene",21606093
"752","(5Z,9Z)-lycopene",101764622
"753","(5'Z,9'Z)-rubixanthin",101764619
"754","(5Z,9Z,5'Z,9'Z)-lycopene",101764620
"755","(G)-rhamnosylrutinoside",0
"756","3-glucoside of isorhamnetin",0
"757","auroxanthin",12299918
"758","beta-amyrin",73145
"759","beta-amyrin acetate",92156
"760","beta-carotene",5280489
"761","caffeic acid",689043
"762","chlorogenic acid",1794427
"763","faradiol laurate",72779023
"764","faradiol myristate",73091028
"765","faradiol palmitate",72827740
"766","flavoxanthin",5281238
"767","isoquercitrin",5280804
"768","isorhamnetin 3- O-glucoside",0
"769","lutein",5281243
"770","narcissin",5481663
"771","neohesperidoside",101334564
"772","Oleanolic acid",10494
"773","p-coumaric acid",637542
"774","protokatechuic acid",0
"775","quercetin",5280343
"776","quercetin glucoside",0
"777","rutin",5280805
"778","rutinoside",12314995
"779","sesquiterpene oligoglycoside",0
"780","syringic acid",10742
"781","vanillic acid",8468
"783","beta-sitosterol",222284
"788","ursolic acid",64945
"800","oleanolic acid",10494
"801","pomolic acid",382831
"803","ursolic acid",64945
"804","6-deoxy-gamma-mangostin",13873657
"805","allanxanthone",0
"806","apetalic acid",341189
"807","caledonic acid",16077643
"808","caledonixanthone E",5464634
"809","caledonixanthone M",0
"810","caledonixanthones A",0
"811","caledonixanthones B",0
"812","caledonixanthones C",0
"813","caledonixanthones D",0
"814","caledonixanthones E",0
"815","caledonixanthones F",0
"816","calolongic acid",3012918
"817","calothwaitesixanthone",5495848
"818","calothwaitesixanthone",5495848
"819","caloxanthone C",0
"820","caloxanthone L",0
"821","calozeyloxanthone",5495849
"822","calozeyloxanthone",5495849
"823","demethylcalabaxanthone",509270
"824","dombakinaxanthone",10765794
"825","isoapetalic acid",3012917
"826","isocalolongic acid",73081623
"827","macluraxanthone",5281646
"831","2-deprenylrheediaxanthone B",10336602
"850","macluraxanthone",5281646
"851","pancixanthone A",10852567
"855","stigmasterol",5280794
"857","apetalic acid",341189
"858","apigenin",5280443
"859","calolongic acid",3012918
"863","isoapetalic acid",3012917
"865","macluraxanthone",5281646
"872","caloxanthone C",0
"873","caloxanthone C",0
"875","macluraxanthone",5281646
"876","macluraxanthone",5281646
"880","stigmasterol",5280794
"881","stigmasterol",5280794
"884","?-sitosterol",0
"891","isorhamnetin-3-O-glucopyranoside",0
"892","isorhamnetin-3-O-rutinoside",5481663
"893","taraxasteryl acetate",13889352
"894","alkaloids",0
"895","flavonoids",0
"904","beta-sitosterol",222284
"908","stigmasterol",5280794
"911","1-O-hexadecanolenin",0
"912","apigenin",5280443
"913","coumaric acid",0
"914","daucosterol",5742590
"915","kaempferol",5280863
"916","palmitic acid",985
"917","trans-3-tridecene-5,7,9,11-tetrayne-1,2-diol",0
"918","trans-trans-3,11-tridecadiene -5,7,9-triyne -1,2-diol",0
"919","Alkaloids",0
"923","beta-sitosterol",222284
"924","beta-sitosterol",222284
"925","beta-sitosterol",222284
"926","daucosterol",5742590
"931","gallic acid",370
"936","oleanolic acid",10494
"940","p-hydroxybenzoic acid",135
"942","stigmasterol",5280794
"946","alkaloids",0
"956","beta-sitosterol",222284
"974","limonene",22311
"975","p-cymene",7463
"976","Sabinene",18818
"977","cis-beta-ocimene",5320250
"978","fenchyl acetate",107217
"979","myristicin",4276
"980","sabinene",18818
"981","terpinolene",11463
"982","trans-beta-ocimene",5281553
"984","beta-sitosterol",222284
"985","daucosterol",5742590
"989","stigmasterol",5280794
"991","vanillic acid",8468
"998","beta-sitosterol",222284
"1000","vanillic acid",8468
"1001","(E)-ascaridole",0
"1002","(E)-piperitol acetate",0
"1003","(Z)-ascaridole",12308625
"1004","(Z)-carvyl acetate",0
"1005","alpha-pinene",6654
"1006","alpha-terpinene",7462
"1007","alpha-terpinene",7462
"1008","alpha-terpineol",17100
"1009","alpha-terpinyl acetate",111037
"1010","ascaridole",10545
"1011","benzyl alcohol",244
"1012","carvacrol",10364
"1013","carvacrol",10364
"1014","limonene",22311
"1015","p-cimen-8-ol",0
"1016","p-cresol",2879
"1017","p-cymene",7463
"1018","p-cymene",7463
"1019","piperitone",6987
"1020","p-mentha-1,3,8-triene",176983
"1021","apigenin",5280443
"1024","isoquercitrin",5280804
"1025","kaempferol",5280863
"1026","quercetin",5280343
"1028","camphor",2537
"1029","cis-chrysanthenyl acetate",6431301
"1031","germacrene D",5317570
"1034","myrcene",31253
"1045","hesperidin",10621
"1047","luteolin",5280445
"1049","luteolin 7-O-beta-D-glucopyranoside",13093777
"1050","quercetin",5280343
"1051","alkaloids",0
"1056","glaziovine",65631
"1058","alkaloids",0
"1059","coumarins",54678486
"1060","excavatine A",0
"1061","excavatine B",0
"1062","excavatine C",0
"1065","beta-sitosterol",222284
"1066","daucosterol",5742590
"1067","palmitic acid",985
"1080","oleanolic acid",10494
"1083","beta-sitosterol",222284
"1084","daucosterol",5742590
"1088","palmitic acid",985
"1089","vanillic acid",8468
"1107","alkanoids",0
"1110","Alkaloids",0
"1112","alpha-amyrin",73170
"1114","beta-sitosterol",222284
"1144","erythrodiol",101761
"1145","isoquercitrin",5280804
"1148","narcissin",5481663
"1151","rutin",5280805
"1154","cordiaquinone A",10449074
"1155","cordiaquinone B",0
"1156","cordiaquinone J",11695518
"1157","cordiaquinone K",10663620
"1158","cordiaquinones J",0
"1159","cordiaquinones K",0
"1165","cordiaquinone B",0
"1166","alpha-terpinene",7462
"1167","alpha-thujene",17868
"1168","beta-myrcene",31253
"1169","carvacrol",10364
"1170","gamma-terpinene",7461
"1171","p-cymene",7463
"1172","thymol",6989
"1181","glaucine",16754
"1186","protopine",4970
"1194","beta-daucosterol",5742590
"1195","beta-sitosterol",222284
"1196","chlorogenic acid",1794427
"1197","hyperoside",5281643
"1199","quercetin",5280343
"1202","rutin",5280805
"1203","ursolic acid",64945
"1207","daucosterol",5742590
"1208","hyperoside",5281643
"1210","rutin",5280805
"1211","ursolic acid",64945
"1222","alpha-mangostin",5281650
"1223","alpha-mangostin",5281650
"1258","quercetin",5280343
"1259","quercetin-3-O-glucoside",5280804
"1260","rutin",5280805
"1261","scopoletin",5280460
"1291","wighteone",5281814
"1298","beta-pinene",14896
"1300","gamma-terpinene",7461
"1302","O-cymene",10703
"1305","avicularin",5490064
"1307","kaempferol",5280863
"1308","quercetin",5280343
"1310","alkaloids",0
"1311","alkaloids",0
"1313","kaempferol",5280863
"1316","quercetin",5280343
"1318","daucosterol",5742590
"1319","ellagic acid",5281855
"1320","isoquercitrin",5280804
"1321","kaempferol",5280863
"1322","quercetin",5280343
"1329","beta-amyrin acetate",92156
"1330","beta-daucosterol",5742590
"1331","beta-sitosterol",222284
"1333","palmitic acid",985
"1335","beta-sitosterol",222284
"1336","daucosterol",5742590
"1339","palmitic acid",985
"1374","calyciphylline Q",102234472
"1375","calyciphylline R",102234473
"1376","calyciphylline S",60204000
"1377","daphmacromine A",70686504
"1378","daphmacromine B",70682263
"1379","daphmacromine C",70684347
"1380","daphmacromine D",70696900
"1381","daphmacromine E",70692816
"1382","daphmacromine F",0
"1383","daphmacromine G",70686505
"1384","daphmacromine H",70682264
"1385","daphmacromine I",70692817
"1386","daphmacromine J",70690670
"1387","daphmacromine K",0
"1388","daphmacromine L",0
"1389","daphmacromine M",0
"1390","daphmacromine N",0
"1391","daphmacromine O",0
"1392","daphnicyclidin A",54720923
"1393","daphnicyclidin M",102234470
"1394","daphnicyclidin N",102234471
"1395","macropodumine B",54720047
"1396","macropodumine C",54724259
"1397","paxiphylline C",54751123
"1410","11-hydroxycodaphniphylline",75034218
"1411","17-hydroxydaphnigraciline",46882228
"1412","daphnezomine L methyl ester",46882263
"1413","Daphnilongeridine",46882262
"1414","subdaphnidine A",25212621
"1415","calycinine A",102154904
"1416","daphniyunnine A",76763789
"1417","daphniyunnine B",11638745
"1418","daphniyunnine C",102184477
"1419","daphniyunnine D",11709882
"1420","daphniyunnine E",11537430
"1421","macrodaphniphyllamine",0
"1422","yunnandaphnine A",0
"1423","yunnandaphnine B",0
"1424","yunnandaphnine C",0
"1425","yunnandaphnine D",0
"1426","yunnandaphnine E",0
"1430","caffeic acid",689043
"1431","chlorogenic acid",1794427
"1483","magnoflorine",73337
"1546","2,7-dihydroxy-4-methoxyphenanthrene",14777892
"1547","bafoudiosbulbins A",0
"1548","bafoudiosbulbins B",0
"1549","bafoudiosbulbins C",0
"1550","bafoudiosbulbins F",0
"1551","bafoudiosbulbins G",0
"1581","Alkaloids",0
"1582","oleanolic acid",10494
"1583","Pectolinarin",168849
"1584","pomolic acid",382831
"1585","ursolic acid",64945
"1586","?-sitosterol",0
"1592","apigenin",5280443
"1593","beta-daucosterol",5742590
"1595","kaempferol",5280863
"1597","luteolin",5280445
"1598","oleanolic acid",10494
"1624","ellagic acid",5281855
"1627","isoshinanolone",443777
"1629","kaempferol",5280863
"1630","plumbagin",10205
"1631","quercetin",5280343
"1633","beta-sitosterol",222284
"1634","quercetin",5280343
"1636","rutin",5280805
"1637","alkaloids",0
"1639","alkaloids",0
"1650","beta-sitosterol",222284
"1651","daucosterol",5742590
"1652","oleanolic acid",10494
"1655","luteolin",5280445
"1658","2,5-dihydroxy-3-methyl-1,4-benzoquinone",12257282
"1659","3beta, 11alpha, 16alpha, 28-tetrahydroxy-12-oleanene",0
"1660","3beta, 28alpha-dihydroxy-16-oxo-13beta, 28-oxydooleanane",0
"1661","3beta, 28-di-O-acetyl-16alpha-hydroxy-12-oleanene",0
"1662","3beta,16alpha-di-O-acetyl-13beta, 28-epoxyoleanane",0
"1663","3beta-acetyl-11alpha, 28-dihydroxy-16-oxo-12-oleanene",0
"1664","3beta-acetyl-16alpha, 28alpha-dihydroxy-13beta, 28-oxydooleanane",0
"1665","3beta-acetyl-16alpha-hydroxy-13beta, 28-epoxyoleanane",0
"1666","3beta-acetyl-16alpha-hydroxyoleanane-13beta, 28-olide",0
"1667","3beta-acetyl-16-oxo-13beta, 28-epoxyoleanane",0
"1668","3beta-acetyl-28-hydroxy-16-oxo-12-oleanene",0
"1669","aegicerin",15558423
"1670","embelinone",12114128
"1671","protoprimulagenin A",12114129
"1672","schimperinone",0
"1673","stigmasterol",5280794
"1674","taraxerol",92097
"1675","taraxerone",92785
"1680","apigenin",5280443
"1687","beta-sitosterol",222284
"1690","ursolic acid",64945
"1697","alpha-amyrin",73170
"1700","beta-daucosterol",5742590
"1701","beta-sitosterol",222284
"1740","isoliquiritigenin",638278
"1741","liquiritigenin",114829
"1759","wighteone",5281814
"1760","erylatissin A",11739635
"1761","erylatissin B",11186717
"1762","erylatissin C",11382659
"1766","isoerysenegalensein E",5318561
"1769","wighteone",5281814
"1780","wighteone",5281814
"1796","eryvarin A",44448173
"1802","erythrodiol",101761
"1803","eryvarin A",44448173
"1804","eryvarin B",101010400
"1805","eryvarin F",637295
"1806","eryvarin G",5317213
"1807","eryvarin M",102208345
"1808","eryvarin N",102208346
"1809","eryvarin O",102208347
"1810","eryvarin P",102208348
"1811","eryvarin Q",10024310
"1812","eryvarin R",46886696
"1813","isoerysenegalensein E",5318561
"1814","laburnetin",15237156
"1815","lupiwighteone",5317480
"1816","wighteone",5281814
"1825","Alkaloids",0
"1826","Leucoanthocyanin",0
"1835","Alkaloids",0
"1837","caffeic acid",689043
"1838","catechin",9064
"1839","chlorogenic acid",1794427
"1841","rutin",5280805
"1850","3,15-dihydroxy-ent-labd-7-en-17-oic acid 3-O-beta-D-glucoside",0
"1851","(24R)-24-ethylcholesta-4,22-dien-3-one",12611207
"1852","3beta-[(2E,4E)-6-oxo-decadienoyloxy]-olean-12-ene",0
"1853","acetylaleuritolic acid",161616
"1854","beta-amyrin acetate",92156
"1855","beta-sitostenone",5484202
"1856","beta-sitosterol",222284
"1857","cycloart-22-ene-3beta, 25-diol",0
"1858","taraxerol",92097
"1859","taraxerone",92785
"1864","hesperidin",10621
"1865","magnoflorine",73337
"1866","oblongine",173713
"1867","tembetarine",167718
"1869","canthin-6-one",97176
"1874","magnoflorine",73337
"1876","tembetarine",167718
"1877","Burkinabin A",23250812
"1878","Burkinabin B",23250813
"1879","Burkinabin C",23250814
"1880","28-O-beta-D-glucopyranoside",0
"1881","3-O-[beta-D-glucopyranosyl-(1-->2)]-beta-D-glucopyranosyl-(1-->3)-alpha-L-arabinosyl oleanolic acid",0
"1882","3-O-alpha-L-arabinopyranosyl quinovic acid 28-O-beta-D-glucopyranoside",0
"1883","3-O-beta-D-glucopyranosyl(1-->2)-[beta-D-glucopyranosyl(1-->3)]-alpha-L- arabino pyranosyl oleanolic acid 28-O-beta-D-glucopyranoside",0
"1884","3-O-beta-D-glucopyranosyl(1-->2)-[beta-D-glucopyranosyl(1-->3)]-alpha-L- arabino pyranosyl oleanolic acid,",0
"1885","3-O-beta-D-glucopyranosyl-(1-->3)-alpha-L-arabinopyranoside oleanolic acid",0
"1886","3-O-beta-D-glucopyranosyl-(1-->3)-alpha-L-arabino-pyranosyl quinovic acid 28-O-beta-D-glucopyranoside",0
"1887","3-O-beta-D-xylopyranosyl (1-->2)-[beta-D-glucopyranosyl (1-->3)-alpha-L-arabinopyranosyl 27-hydroxyursolic acid 28-O-beta-D-glucopyranoside",0
"1888","3-O-beta-D-xylopyranosyl(1-->2)-[beta-D-glucopyranosyl (1-->3)]-alpha- L-arabinopyranosyl oleanolic acid",0
"1889","3-O-beta-D-xylopyranosyl(1-->2)-[beta-D-glucopyranosyl (1-->3)]-alpha-L-arabinopyranosyl 27-hydroxyoleanolic acid",0
"1890","3-O-beta-D-xylopyranosyl(1-->2)-[beta-D-glucopyranosyl(1-->3)]-alpha-L- arabinopyranosyl oleanolic acid 28-O-beta-D-glucopyranoside",0
"1891","3-O-beta-D-xylopyranosyl(1-->2)-[beta-D-glucopyranosyl(1-->3)]-alpha-L- arabinopyranosyl ursolic acid 28-O-beta-D-glucopyranoside",0
"1892","acacetin-7-O-rhamnoside",0
"1893","kaempferol-7-O-rhamnoside",25079965
"1894","monodesmosidic saponins",0
"1895","Carotenoids",0
"1896","Coumarins",54678486
"1897","Flavone aglycones",0
"1898","Flavone glycosides",0
"1899","apigenin",5280443
"1903","luteolin",5280445
"1909","2,7-Dimethyl-1,6-octadione",0
"1910","3,4-Dimethyl styrene",0
"1911","Bicyclogermacrene",13894537
"1912","Camphene",6616
"1913","Carveol",7438
"1914","Carvone",7439
"1915","cis-Myrtanyl acetate",91751217
"1916","Isopropyl cinnamate",5273464
"1917","Limonene",22311
"1918","Linalool",6549
"1919","Myrcene",31253
"1920","Octyl acetate",8164
"1921","p-Cymene",7463
"1922","Perillaldehyde",16441
"1923","Perillyl acetate",61780
"1924","Piperitenone",381152
"1925","p-Mentha-1,5-dien-8-ol",519323
"1926","p-Mentha-2,8-dien-1-ol",155626
"1927","Spathulenol",92231
"1928","trans-Myrtanyl acetate",16656318
"1929","?-Copaene",0
"1930","?-Pinene",0
"1931","?-Selinene",0
"1932","?-Elemene",0
"1933","?-Terpinene",0
"1940","Limonene",22311
"1947","gallic acid",370
"1949","vanillic acid",8468
"1959","ursolic acid",64945
"1961","applanoxidic acids A",0
"1962","applanoxidic acids C",0
"1963","applanoxidic acids F",0
"1964","applanoxidic acids G",0
"1965","applanoxidic acids H",0
"1966","applanoxidic acid G",10256385
"1967","Ganodermadiol",13934286
"1968","lucidadiol",10789991
"1978","smeathxanthone A",11509473
"2016","1,3,7-trihydroxy-2-methoxyxanthone",12133315
"2017","1-isomangostin",5281641
"2018","3',6-dihydroxy-2,4,4'-trimethoxybenzophenone",101763992
"2019","8-deoxygartanin",392450
"2020","8-hydroxycudraxanthone G",11711264
"2021","alpha-mangostin",5281650
"2022","cudraxanthone G",42645953
"2023","dulxanthone D",10405091
"2024","gamma-mangostin",5464078
"2025","garcimangosone B",11143989
"2026","garcimangosxanthone A",0
"2027","garcimangosxanthone B",0
"2028","garcimangosxanthone C",0
"2029","garcinone D",5495926
"2030","garcinone E",10298511
"2031","gartanin",5281633
"2032","mangostingone",0
"2033","mangostinone",6478778
"2034","mangoxanthone",101763994
"2035","smeathxanthone A",11509473
"2036","tovophyllin A",42645954
"2041","8-deoxygartanin",392450
"2051","nigrolineabenzopyran A",0
"2052","nigrolineabiphenyl A",11572481
"2053","nigrolineabiphenyls B",0
"2054","nigrolineaisoflavone A",11402824
"2055","nigrolineaquinone A",11373241
"2056","nigrolineaxanthone A",5324508
"2057","nigrolineaxanthone B",21576567
"2058","nigrolineaxanthone C",21576568
"2059","nigrolineaxanthone D",21576569
"2060","nigrolineaxanthone E",21576570
"2061","nigrolineaxanthone F",11709351
"2062","nigrolineaxanthone G",101262523
"2063","nigrolineaxanthone H",21576571
"2064","nigrolineaxanthone I",21576572
"2065","nigrolineaxanthone J",11280441
"2066","nigrolineaxanthone K",11326411
"2067","nigrolineaxanthone L",11749894
"2068","nigrolineaxanthone M",11269474
"2069","nigrolineaxanthone N",5323589
"2070","nigrolineaxanthone O",11338893
"2071","nigrolineaxanthone P",11430697
"2072","nigrolineaxanthone Q",11440392
"2073","nigrolineaxanthone R",11315494
"2074","nigrolineaxanthone S",11282258
"2075","nigrolineaxanthone T",11559542
"2076","nigrolineaxanthone U",11530321
"2077","nigrolineaxanthone V",11553272
"2078","nigrolineaxanthone W",0
"2084","parvixanthone A",11103053
"2085","parvixanthone B",11732668
"2086","parvixanthone C",10884418
"2087","parvixanthone D",10916865
"2088","parvixanthone E",11058959
"2089","parvixanthone F",10884382
"2090","parvixanthone G",11133729
"2091","parvixanthone H",11080433
"2092","parvixanthone I",85346827
"2099","stigmasterol",5280794
"2105","oleanolic acid",10494
"2106","oleanolic acid",10494
"2115","beta-sitosterol",222284
"2121","smeathxanthone A",11509473
"2124","scortechinone A",44559179
"2125","scortechinone B",44559180
"2126","scortechinone D",0
"2127","scortechinone F",0
"2128","scortechinone I",44559181
"2129","scortechinone L",0
"2130","scortechinone M",0
"2131","scortechinone N",0
"2132","scortechinone O",0
"2133","scortechinone P",0
"2134","scortechinone Q",101746886
"2135","scortechinone R",44559271
"2136","scortechinone S",44559272
"2137","scortechinone T",44559273
"2138","scortechinone U",44559274
"2139","scortechinone V",44559275
"2140","scortechinone W",11678846
"2141","scortechinone X",44559178
"2142","scortechinonesJ",0
"2143","scortechterpene A",101746890
"2144","scortechterpene B",101746891
"2152","beta-sitosterol",222284
"2161","1,4,5-trihydroxyxanthone",9916414
"2162","1,6-dihydroxyxanthone",5493674
"2163","2-deprenylrheediaxanthone B",10336602
"2164","6-O-methyl-2-deprenylrheediaxanthone B",11439282
"2165","isocudraniaxanthone A",10687703
"2166","isocudraniaxanthone B",10831150
"2167","pancixanthone A",10852567
"2168","vieillardixanthone",11267860
"2186","(-)-epicatechin",72276
"2192","beta-sitosterol",222284
"2194","daucosterol",5742590
"2195","garcinone E",10298511
"2198","kaempferol",5280863
"2199","mangostinone",6478778
"2200","mangostinone",6478778
"2202","quercetin",5280343
"2203","tovophyllin A",42645954
"2209","14alpha-hydroxyelegansamine",44559137
"2210","14alpha-hydroxygelsamydine",44559138
"2211","gelsebamine",16086588
"2212","gelsebanine",16086585
"2214","apigenin",5280443
"2220","laburnetin",15237156
"2222","wighteone",5281814
"2223","beta-sitosterol",222284
"2224","daucosterol",5742590
"2226","oleanolic acid",10494
"2245","oleanolic acid",10494
"2255","2alpha-hydroxyursolic acid",6918774
"2263","alpha-amyrin",73170
"2275","quercetin",5280343
"2284","ursolic acid",64945
"2315","beta-sitosterol",222284
"2316","daucosterol",5742590
"2318","oleanolic acid",10494
"2319","beta-sitosterol",222284
"2326","Alkaloids",0
"2327","alpha-allocryptopine",98570
"2328","dicentrine",101300
"2329","glaucine",16754
"2330","protopine",4970
"2355","1-methoxyphaseollin",0
"2356","glucoliquiritin apioside",74819335
"2357","glycyrdione A",15742118
"2358","glyinflanin B",480799
"2359","kanzonol Y",10001604
"2360","licoagroaurone",12069327
"2361","licoagrochalcone B",5318989
"2362","licoagrochalcone C",5318990
"2363","licoagrochalcone D",5318991
"2364","licoagroside A",73357140
"2365","licoagroside B",22297602
"2366","licochalcone C",9840805
"2367","prenyllicoflavone A",11349817
"2368","shinflavone",0
"2369","shinpterocarpin",10336244
"2377","beta-sitosterol",222284
"2391","apigenin",5280443
"2392","beta-sitosterol",222284
"2393","daucosterol",5742590
"2408","cis-hexadec-11-en-7,9-diynoic acid",0
"2409","cis-octadec-12-en-7,9-diynoic acid",0
"2410","octadeca-8,10,12-triynoic acid",10468473
"2411","pentadeca-6,8,10-triynoic acid",10633230
"2412","trans-pentadec-10-en-6,8-diynoic acid",10443953
"2415","alpha-amyrin",73170
"2427","Alkaloids",0
"2428","(E)-caryophyllene",5281515
"2429","(Z)-3-octenyl acetate",5363208
"2430","caryophyllene oxide",1742210
"2431","elemicine",10248
"2432","octyl acetate",8164
"2433","terpinolene",11463
"2434","alpha-pinene",6654
"2435","bornyl acetate",6448
"2436","gamma-terpinene",7461
"2437","limonene",22311
"2438","octyl acetate",8164
"2439","rho-cymene",0
"2442","beta-sitosterol",222284
"2444","Pectolinarin",168849
"2446","rutin",5280805
"2449","beta-sitosterol",222284
"2450","daucosterol",5742590
"2454","liquiritigenin",114829
"2455","ursolic acid",64945
"2456","lignans",443013
"2457","coumarins",54678486
"2459","reducing sugars",0
"2460","sterols",0
"2465","1-O-hexadecanolenin",0
"2472","beta-sitosterol",222284
"2477","oleanolic acid",10494
"2478","oleanolic acid",10494
"2479","palmitic acid",985
"2480","ursolic acid",64945
"2488","alkaloids",0
"2489","Alkaloids",0
"2493","linalool",6549
"2494","M-cymene",10812
"2495","spatulenol",92231
"2496","terpene-4-ol",11230
"2497","T-muurolol",3084331
"2498","viridiflorol",11996452
"2499","?-cadinol",0
"2500","?-selinene",0
"2501","?-Muurolene",0
"2502","?-cadinene",0
"2534","hyperoside",5281643
"2535","hyperoside",5281643
"2550","quercetin",5280343
"2551","quercetin",5280343
"2554","quercitrin",5280459
"2555","quercitrin",5280459
"2556","quercitrin",5280459
"2558","rutin",5280805
"2562","vanillic acid",8468
"2565","alpha-copaene",19725
"2566","beta-caryophyllene",5281515
"2567","beta-selinene",442393
"2568","bicyclogermacrene",13894537
"2569","germacrene-D",91723653
"2570","spathulenol",92231
"2626","Alkaloids",0
"2627","acutumidine",442840
"2628","acutumine",10200848
"2629","dauricumidine",4485347
"2630","dauricumine",11741544
"2631","dechloroacutumine",5317068
"2632","glaziovine",65631
"2633","hypserpanines A",0
"2634","hypserpanines B",0
"2635","laurifoline",37834
"2636","magnoflorine",73337
"2637","pronuciferine",200480
"2638","S-reticuline",439653
"2649","1,8-cineol",2758
"2650","bomeol",0
"2651","p-cimene",7463
"2652","1,8-cineole",2758
"2653","alpha-pinene",6654
"2654","beta-caryophyllene",5281515
"2655","bicyclogermacrene",13894537
"2656","Delta-3-carene",26049
"2657","germacrene B",5281519
"2658","viridiflorene",10910653
"2675","beta-sitosterol",222284
"2676","daucosterol",5742590
"2680","ursolic acid",64945
"2689","alpha-amyrin",73170
"2692","pomolic acid",382831
"2693","ursolic acid",64945
"2696","beta-sitosterol",222284
"2698","maslinic acid",73659
"2699","oleanolic acid",10494
"2702","ursolic acid",64945
"2710","beta-daucosterol",5742590
"2711","beta-sitosterol",222284
"2715","beta-amyrin acetate",92156
"2716","caffeic acid",689043
"2719","scopoletin",5280460
"2733","kaempferol",5280863
"2734","rhamnetin",5281691
"2735","rhamnocitrin",5320946
"2749","adenosine",60961
"2765","alkaloids",0
"2766","coumarins",54678486
"2767","Verbascoside",5281800
"2768","1,8-cineole",2758
"2769","borneol",64685
"2770","bornyl acetate",6448
"2771","Camphor",2537
"2772","centaureidin",5315773
"2773","chrysanthemol",110685
"2774","intermediol",0
"2775","jasonin b",0
"2776","jasonin-a",0
"2777","jasonin-c",0
"2781","4-hydroxybenzaldehyde",126
"2791","vanillic acid",8468
"2792","alpha-pinene",6654
"2793","beta-pinene",14896
"2794","limonene",22311
"2795","mircene",0
"2796","sabinene",18818
"2831","gallic acid",370
"2832","hyperoside",5281643
"2835","kaempferol",5280863
"2838","luteolin",5280445
"2840","4-terpineol",11230
"2841","camphene",6616
"2842","caryophyllene",5281515
"2845","limonene",22311
"2846","linalool",6549
"2848","spathulenol",92231
"2849","thymol",6989
"2851","viridiflorene",10910653
"2852","?-pinene",0
"2854","?-terpineol",0
"2856","?-pinene",0
"2858","cyanogenic glycosides",0
"2859","sesquiterpene lactone",0
"2871","beta-sitosterol",222284
"2881","alpha-bisabolol",442343
"2882","alpha-pinene",6654
"2885","daucosterol",5742590
"2888","delaumonone A",44203495
"2889","delaumonone B",44203496
"2890","Alkaloids",0
"2892","flavonoids",0
"2897","beta-sitosterol",222284
"2898","caffeic acid",689043
"2899","daucosterol",5742590
"2903","oleanolic acid",10494
"2935","beta-sitosterol",222284
"2936","beta-sitosterol",222284
"2937","daucosterol",5742590
"2938","daucosterol",5742590
"2959","1-hexanol",8103
"2960","6,10,14-trimethyl-2-pentadecanone",10408
"2961","decanoic acid",2969
"2962","geranyl isovalerate",5362830
"2963","germacrene D",5317570
"2964","lauric acid",3893
"2976","ursolic acid",64945
"2977","(Z)-5-(trideca-4-enyl)resorcinol",0
"2978","(Z,Z)-5-(trideca-4,7-dienyl)resorcinol",643751
"2979","(Z,Z,E)-5-(trideca-4,7,10-trienyl)resorcinol",0
"2980","(Z,Z,Z)-5-(trideca-4,7,10-trienyl)resorcinol",0
"2981","5-alkyl resorcinol",0
"2990","beta-sitosterol",222284
"2991","chlorogenic acid",1794427
"2994","quercetin",5280343
"2995","rutin",5280805
"2998","beta-sitosterol",222284
"2999","caffeic acid",689043
"3000","chlorogenic acid",1794427
"3005","scopoletin",5280460
"3007","beta-sitosterol",222284
"3008","caffeic acid",689043
"3009","chlorogenic acid",1794427
"3010","luteolin",5280445
"3013","palmitic acid",985
"3014","quercetin",5280343
"3066","quercitrin",5280459
"3067","rutin",5280805
"3101","scopoletin",5280460
"3123","alkaloids",0
"3124","avicularin",5490064
"3125","gallic acid",370
"3127","kaempferol",5280863
"3128","quercetin",5280343
"3140","apigenin 7--beta-D-glucopyranoside",0
"3141","luteolin",5280445
"3142","luteolin 3'-O-beta-D-glucuronopyranoside",0
"3143","luteolin 7--beta-D-glucopyranoside",0
"3144","luteolin 7-O-beta-D-glucopyranoside-3'-Obeta-D-glucuronopyranoside",0
"3145","luteolin 7-O-beta-D-glucuronopyranoside",5280601
"3181","isorhamnetin-3-O-rutinoside",5481663
"3182","kaempferol",5280863
"3186","quercetin",5280343
"3189","quercetin-3-O-rutinoside",0
"3190","d-limonene",440917
"3191","oxathiane",0
"3192","piperitenon",0
"3193","piperiton oxide",0
"3194","tripal",0
"3195","alkaloids",0
"3196","alkaloids",0
"3197","alkaloids",0
"3198","Alkaloids",0
"3199","Leucoanthocyanin",0
"3200","alkaloids",0
"3201","6-methoxy-acacetin-8-C-?-glucoside",0
"3202","apigenin",5280443
"3203","chryseriol-7-O-rhamnoside",0
"3204","lupeol acetate",92157
"3205","neochlorogenic acid",5280633
"3206","quercetin",5280343
"3207","quercetin-3-O-rutinoside",0
"3208","rhamnetin",5281691
"3209","rhamnetin-3-O-rutinoside",0
"3210","?-amyrin",0
"3211","?-amyrin",0
"3212","?-sitosterol",0
"3213","?-sitosterol-3-O-glucoside",0
"3214","alpha-acetyl-amyrin",0
"3215","cyclomorusin",5481969
"3216","eudraflavone B hydroperoxide",0
"3217","kuwanon S",6450924
"3218","leachianone G",5275227
"3219","moralbanone",5319892
"3220","mulberroside C",190453
"3221","oxydihydromorusin",5481968
"3228","kaempferol",5280863
"3232","quercetin",5280343
"3234","scopoletin",5280460
"3235","alkaloids",0
"3236","alpha-caryophyllene",5281520
"3237","alpha-pinene",6654
"3238","caryophyllene oxide",1742210
"3239","spathulenol",92231
"3246","beta-sitosterol",222284
"3248","daucosterol",5742590
"3249","gallic acid",370
"3251","kaempferol",5280863
"3252","quercetin",5280343
"3254","rhamnetin",5281691
"3255","beta-sitosterol",222284
"3256","caffeic acid",689043
"3257","chlorogenic acid",1794427
"3258","daucosterol",5742590
"3260","quercetin",5280343
"3264","luteolin",5280445
"3265","beta-sitosterol",222284
"3266","eugenol",3314
"3271","oleanolic acid",10494
"3273","ursolic acid",64945
"3274","(E)-beta-farnesene",5281517
"3275","(E)-beta-ocimene",5281553
"3276","1,8-cineole",2758
"3277","4aalpha,7alpha,7aalpha-nepetalactone",161367
"3278","4aalpha,7beta,7aalpha-nepetalactone",12311119
"3279","beta-pinene",14896
"3280","dihydro",0
"3281","epinepetalactone",442430
"3282","germacrene D",5317570
"3283","neonepetalactone",11073784
"3284","Nepetalactone",92770
"3290","alkaloids",0
"3301","carvacrol",10364
"3307","thymol",6989
"3314","beta-sitosterol",222284
"3317","gallic acid",370
"3325","p-coumaric acid",637542
"3329","kaempferol",5280863
"3335","myricetin",5281672
"3337","quercetin",5280343
"3363","Alkaloids",0
"3364","Leucoanthocyanin",0
"3376","beta-sitosterol",222284
"3377","daucosterol",5742590
"3384","luteolin",5280445
"3386","oleanolic acid",10494
"3390","ursolic acid",64945
"3391","?-sitosterol",0
"3392","beta-sitosterol",222284
"3393","caffeic acid",689043
"3394","daucosterol",5742590
"3398","alkaloids",0
"3475","apigenin",5280443
"3476","apigenin",5280443
"3478","beta-sitosterol",222284
"3479","beta-sitosterol",222284
"3480","daucosterol",5742590
"3481","daucosterol",5742590
"3484","luteolin",5280445
"3485","luteolin",5280445
"3489","ursolic acid",64945
"3496","(l)-linalool",0
"3497","10-epi-?-eudesmol",0
"3498","citronellyl formate",7778
"3499","geraniol",637566
"3500","geranyl formate",5282109
"3501","isorhamnetin aglycone",0
"3502","kaempferol 3,7-di-O-glucoside",6325460
"3503","kaempferol 3-O-glucoside",5282102
"3504","Kaempferol 3-O-rhamnoside-glucoside",0
"3505","myrisetin 3-O-glucoside-rhamnoside",0
"3506","quercetin 3-O-glucoside",5280804
"3507","quercetin 3-O-pentose",0
"3508","quercetin 3-O-pentoside-glucoside",0
"3509","quercetin 3-O-rhamnoside-glucoside",0
"3510","?-citronellol",0
"3511","alkaloids",0
"3519","garcinone E",10298511
"3523","(-)-8-oxocanadine",86572845
"3524","(-)-8-oxotetrahydropalmatine",49769861
"3525","bututic acid",0
"3526","daucosterol",5742590
"3527","epifriedelinol",119242
"3528","melissic acid",10471
"3529","norruffscine",135778936
"3530","palmatic acid",0
"3531","periglaucine A",24879468
"3532","periglaucine B",24879470
"3533","periglaucine C",24879469
"3534","periglaucine D",24879471
"3535","stearic acid",5281
"3545","daucosterol",5742590
"3551","alkaloids",0
"3552","hydrolysable tannins",0
"3553","lignans",443013
"3554","polyphenols",0
"3555","anthraquinons",0
"3556","coumarins",54678486
"3557","reducing sugars",0
"3558","sterols",0
"3559","corilagin",73568
"3560","beta-sitosterol",222284
"3561","daucosterol",5742590
"3562","ellagic acid",5281855
"3563","gallic acid",370
"3564","kaempferol",5280863
"3565","methyl brevifolin carboxylate",0
"3566","methyl ester dehydrochebulic acid",0
"3567","n-octadecane",11635
"3568","quercetin",5280343
"3569","rutin",5280805
"3580","syringic acid",10742
"3582","vanillic acid",8468
"3584","(E)-caryophyllene",5281515
"3586","alpha-humulene",5281520
"3587","bicyclogermacrene",13894537
"3588","alkaloids",0
"3589","alkaloids",0
"3591","coumarins",54678486
"3594","Alkaloids",0
"3601","gallic acid",370
"3604","quercitrin",5280459
"3607","(-)-epigallocatechin-7-O-gallate",0
"3608","5,4'-dihydroxy-3,7,3'-trimethoxyflavone",5281677
"3609","5-hydroxy-3,7,3',4'-tetramethoxyflavone",5352005
"3610","7, 3'-O-di-gallyoltricetiflavan",0
"3611","7,4'-di-O-galloyltricetifavan",0
"3612","7-O-galloyltricetifavan",11669392
"3613","alpha-amyrin",73170
"3614","luteoloside",5280637
"3615","oleanolic acid",10494
"3616","tritriacontane",12411
"3617","ursolic acid",64945
"3618","Coumarins",54678486
"3619","2,3,9-trimethoxypterocarpan",11151159
"3620","2'-hydroxy-6,4',6' ',4' ''-tetramethoxy-[7-O-7' ']-bisisoflavone",0
"3621","7-hydroxy-6,4'-dimethoxy-isoflavonequinone",0
"3622","homopterocarpin",101795
"3623","isoliquiritigenin",638278
"3624","liquiritigenin",114829
"3625","medicarpin",336327
"3626","vesticarpan",0
"3627","10-epi-Cadinol",0
"3628","4-Acetyl-1-methyl-1-cyclohexene",93019
"3629","6-Methyl-5-hepten-2-one",9862
"3630","a-Amorphene",0
"3631","a-Bisabolol",1549992
"3632","a-Bisabolol oxide A",0
"3633","a-Bisabolol oxide B",0
"3634","a-Calacorene",0
"3635","a-Curcumene",0
"3636","a-Muurolene",0
"3637","a-Pinene",0
"3638","a-Terpineol",17100
"3639","b-Bisabolene",403919
"3640","b-Bisabolol",12300146
"3641","b-Eudesmol",0
"3642","Calamenene",6429077
"3643","cis-Linalool oxide",6428573
"3644","cis-Ocimene",5320250
"3645","Cubenol",519857
"3646","d-Cadinene",441005
"3647","E,E-Farnesol",445070
"3648","Estragole",8815
"3649","Geraniol",637566
"3650","Limonene",22311
"3651","Linalool",6549
"3652","Nerol",643820
"3653","p-Cymene",7463
"3654","Terpinen-4-ol",11230
"3655","trans-Linalool oxide",6432254
"3656","trans-Nerolidol",5284507
"3657","?-Terpinene",0
"3658","alkaloids",0
"3659","2, 5-dimethyl-7-hydroxychromone",0
"3660","4-hydroxybenzaldehyde",126
"3661","Alkaloids",0
"3662","beta-sitosterol",222284
"3663","indole-3-carboxaldehyde",10256
"3664","isoshinanolone",443777
"3665","plumbagic acid",92468470
"3666","plumbagin",10205
"3667","plumbagine A",102434271
"3668","plumbagine B",102434272
"3669","plumbagine C",78167616
"3670","plumbagine D",132560906
"3671","plumbagine E",0
"3672","plumbagine F",0
"3673","plumbagine G",0
"3674","plumbagoside A",0
"3675","plumbagoside B",0
"3676","plumbagoside C",0
"3677","plumbagoside D",0
"3678","trans-cinnamic acid",444539
"3679","vanillic acid",8468
"3682","(-)-alpha-cadinol",10398656
"3683","alpha-humulene",5281520
"3684","bidebiline E",23642920
"3685","caryophyllene oxide",1742210
"3686","codamine",20056510
"3687","laudanidine",442304
"3688","laudanosine",15548
"3689","octadeca-9,11,13-triynoic acid",11778027
"3690","reticuline",439653
"3728","1,3,7-trihydroxy-2-methoxyxanthone",12133315
"3742","p-hydroxybenzoic acid",135
"3800","(-)-epicatechin",72276
"3802","beta-sitosterol",222284
"3804","palmitic acid",985
"3806","quercetin",5280343
"3810","ellagic acid",5281855
"3812","kaempferol",5280863
"3815","quercetin",5280343
"3820","quercitrin",5280459
"3821","rutin",5280805
"3824","beta-sitosterol",222284
"3825","luteolin",5280445
"3828","quercetin",5280343
"3834","kaempferol",5280863
"3841","beta-sitosterol",222284
"3843","kaempferol",5280863
"3845","quercetin",5280343
"3847","1-O-(1, 2-propanediol)-6-O-galloyl-beta-D-glucopyranoside",0
"3848","1-O-galloyl-beta-D-glucose",124021
"3849","2,6-dihydroxy-3,5-dimethyl-4-O-(6?-O-galloyl-?-D-glucopyranosyl)-benzophenone",0
"3850","2,6-dihydroxy-3-formaldehyde-5-methyl-4-O-(6?-O-galloyl-?-D-glucopyranosyl)-diphenylmethane",0
"3851","2alpha-hydroxyoleanolic acid",73659
"3852","2alpha-hydroxyursolic acid",6918774
"3853","alkaloids",0
"3854","alkaloids",0
"3855","asiatic acid",119034
"3856","avicularin",5490064
"3857","beta-sitosterol",222284
"3858","ellagic acid",5281855
"3859","ellagic acid-4-O-beta-D-glucopyranoside",0
"3860","gallic acid",370
"3861","goreishic acid I",3081756
"3862","guaijaverin",5481224
"3863","guaijaverin",5481224
"3864","Guajadial",46197930
"3865","guajadial",46197930
"3866","guajanoic acid",0
"3867","guajavolide",0
"3868","guavacoumaric acid",101211344
"3869","guavanoic acid",101211343
"3870","guavenoic acid",0
"3871","guavinoside A",0
"3872","guavinoside B",0
"3873","guavinoside C",0
"3874","hyperin",5281643
"3875","hyperoside",5281643
"3876","ilelatifol D",102572108
"3877","isoneriucoumaric acid",10100394
"3878","isoquercitrin",5280804
"3879","jacoumaric acid",11700083
"3880","kaempferol",5280863
"3881","morin-3-O-alpha-L-arabopyranoside",0
"3882","myricetin-3-O-beta-D-glucoside",0
"3883","obtusinin",3604942
"3884","obtusol",44583704
"3885","oleanolic acid",10494
"3886","psidial A",45104868
"3887","psidial B",45104960
"3888","psidial C",45104961
"3889","psidiumoic acid",0
"3890","Psiguadial A",49844493
"3891","Psiguadial B",102052649
"3892","psiguanin A",0
"3893","psiguanin B",0
"3894","psiguanin C",0
"3895","psiguanin D",0
"3896","quercetin",5280343
"3897","quercetin-3-O-(6""-galloyl) beta-D-galactopyranoside",0
"3898","quercetin-3-O-beta-D-glucuronopyranoside",5274585
"3899","quercitrin",5280459
"3900","reynoutrin",5320863
"3901","ursolic acid",64945
"3902","ursolic acid",64945
"3942","beta-sitosterol",222284
"3943","beta-sitosterol",222284
"3948","palmitic acid",985
"3949","palmitic acid",985
"3953","taraxerol",92097
"3954","taraxerol",92097
"3955","Alkaloids",0
"3962","alkaloids",0
"3963","Alkaloids",0
"3973","alkaloids",0
"3974","hydrolysable tannins",0
"3975","hydrolysable tannins",0
"3976","daucosterol",5742590
"3978","oleanolic acid",10494
"3979","ursolic acid",64945
"4000","daucosterol",5742590
"4011","pomolic acid",382831
"4012","tormentic acid",73193
"4013","ursolic acid",64945
"4019","daucosterol",5742590
"4021","palmitic acid",985
"4026","gallic acid",370
"4028","beta-sitosterol",222284
"4030","daucosterol",5742590
"4033","stigmasterol",5280794
"4035","guaijaverin",5481224
"4038","quercitrin",5280459
"4039","reynoutrin",5320863
"4044","hyperoside",5281643
"4050","beta-sitosterol",222284
"4053","quercetin",5280343
"4054","taraxerol",92097
"4056","alkaloids",0
"4059","beta-sitosterol",222284
"4064","palmitic acid",985
"4065","stearic acid",5281
"4069","1,2,3,4,6-penta-O-galloyl-beta-D-glucoside",0
"4070","1,6-digalloyl-beta-D-glucoside",0
"4071","catechin gallate",6419835
"4072","euscaphic acid",471426
"4073","L-ascorbic acid",54670067
"4074","maslinic acid",73659
"4075","quercetin",5280343
"4076","quercetin-3-O-glucoside",5280804
"4077","tormentic acid",73193
"4078","ursolic acid",64945
"4097","2alpha-hydroxyoleanolic acid",73659
"4099","lupeol acetate",92157
"4101","sitosterol",222284
"4114","beta-daucosterol",5742590
"4116","euscaphic acid",471426
"4117","lauric acid",3893
"4123","beta-sitosterol",222284
"4124","beta-sitosterol",222284
"4125","epicatechin",72276
"4131","ursolic acid",64945
"4148","beta-sitosterol",222284
"4155","beta-sitosterol",222284
"4162","p-coumaric acid",637542
"4169","vanillic acid",8468
"4172","Germacrene D",5317570
"4173","palmitic acid",985
"4174","spathulenol",92231
"4176","?-caryophyllene",0
"4179","rutin",5280805
"4181","alkaloids",0
"4182","16?-hydroxybryodulcosigenin",0
"4183","3?-O-feruloylolean-12-en-27-oic acid",0
"4184","3?-hydroxyolean-12-en-27-oic acid",0
"4185","daucosterol",5742590
"4186","menisdaurin",6440400
"4187","oleanolic acid",10494
"4188","purshianin",10358198
"4189","?-sitosterol",0
"4190","(E)-Caryophyllene",5281515
"4191","(E)-Nerolidol",5284507
"4192","Allo-aromadendrene",42608158
"4193","Camphor",2537
"4194","Caryophyllene oxide",1742210
"4195","cubenol",519857
"4196","Curcumene",92139
"4197","Dodecanoic acid",3893
"4198","Germacrene D",5317570
"4200","?-Bisabolene",0
"4201","?-Copaene",0
"4202","(E)-3-(6-[(E)-3-hydroxy-3-oxo-1-propenyl]-9-oxo-9H-xanthen-2-yl)-2-propenoic acid",0
"4203","cirsimaritin",188323
"4204","hispidulin",5281628
"4205","luteolin",5280445
"4206","luteolin 7-O-beta-D-glucopyranoside",13093777
"4207","nepetin",5317284
"4208","rhamnocitrin",5320946
"4227","Alkaloids",0
"4228","beta-sitosterol",222284
"4229","daucosterol",5742590
"4232","palmitic acid",985
"4235","beta-sitosterol",222284
"4236","daucosterol",5742590
"4237","gamma-schizandrin",158103
"4238","ganwuweizic acid",101277401
"4239","gomisin A",3001662
"4240","schinchinenin A",102450236
"4241","schinchinenin B",102450237
"4242","schinchinenin C",102450238
"4243","schinchinenin D",102450239
"4244","schinchinenin E",102450240
"4245","schinchinenin F",102450241
"4246","schinchinenin G",102450242
"4247","schinchinenin H",102450243
"4248","schinchinenlactone A",0
"4249","schinchinenlactone B",0
"4250","schinchinenlactone C",0
"4251","schizandrin",23915
"4252","wuweizisu A",0
"4253","wuweizisu C",443027
"4254","(-)-15-hydroxycalamenene",0
"4255","(-)-cubebol",11276107
"4256","(+)-ent-epicubenol",0
"4257","4-epi-cubebol",12304217
"4258","alpha-cadinol",10398656
"4259","caryolane-1,9/3-diol",0
"4260","caryophyllenol-I",12312991
"4261","caryophyllenol-II",6450454
"4262","ent-T-muurolol",51394521
"4263","oxyphyllenodiols A",0
"4264","t-cadinol",160799
"4265","torreyol",3084311
"4293","wuweizisu C",443027
"4312","marlignan A",46832245
"4313","marlignan B",46832246
"4314","marlignan C",46832247
"4315","marlignan D",46832248
"4316","marlignan E",46832249
"4317","marlignan F",46832250
"4318","marlignan G",46888562
"4319","marlignan H",46832523
"4320","marlignan I",46832524
"4321","marlignan J",46832525
"4322","marlignan K",46832526
"4323","marlignan L",46832527
"4324","marlignan M",71576922
"4325","marlignan N",71577339
"4326","marlignan O",11632757
"4327","marlignan P",71576923
"4328","marlignan Q",71577007
"4329","marlignan R",71577008
"4330","marlignan S",71577009
"4331","marphenol C",71577010
"4332","marphenol D",71577011
"4333","marphenol E",86575063
"4334","marphenol F",86575064
"4370","(+)-pinoresinol",73399
"4374","daucosterol",5742590
"4375","daucosterol",5742590
"4376","oleanolic acid",10494
"4377","palmitic acid",985
"4380","apigenin",5280443
"4386","1,8-cineole",2758
"4387","alpha-humulene",5281520
"4388","alpha-pinene",6654
"4389","alpha-terpinene",7462
"4390","beta-pinene",14896
"4391","bornyl acetate",6448
"4392","camphene",6616
"4393","limonene",22311
"4394","O-cymene",10703
"4395","trans-caryophyllene",5281515
"4396","tridecane",12388
"4397","alpha-cadinol",10398656
"4398","alpha-copaene",19725
"4399","alpha-terpineol",17100
"4400","Asiatic acid",119034
"4401","beta-elemene",6918391
"4402","gamma-cadinene",92313
"4403","gamma-muurolene",12313020
"4404","Germacrene-D",91723653
"4405","globulol",12304985
"4406","T-cadinol",160799
"4407","viridiflorene",10910653
"4423","phenethyl isothiocyanate",16741
"4425","beta-sitosterol",222284
"4429","(+)-medioresinol",181681
"4430","(+)-pinoresinol",73399
"4431","(+)-syringaresinol",443023
"4432","3, 4-dihydroxhbenzoic acid",0
"4433","3-methoxy-4-hydroxyienzoic acid",0
"4434","6-methoy-hydroxycoumarin",0
"4435","adenosine",60961
"4436","beta-sitosterol",222284
"4437","ethyl beta-d-thevetopyranosyl-(1-->4)-alpha-D-oleandropyranoside",0
"4438","ethyl beta-D-thevetopyranosyl-(1-->4)-beta-D-oleandropyranoside",0
"4439","nigrumnins I",0
"4440","nigrumnins II",0
"4441","p-hydroxybenzoic acid",135
"4442","pinoresinol-4-O-beta-D-glucopyranoside",486614
"4443","scopoletin",5280460
"4444","solanigroside A",0
"4445","solanigroside B",0
"4446","syringaresinol-4-O-beta-D-glucopyranoside",0
"4447","tetracosanoic acid",11197
"4448","alkaloids",0
"4449","essential oil",0
"4456","(-)-13,14-dehydrosophoridine",0
"4457","(-)-9alpha-hydroxysophocarpine",132555388
"4458","(-)-anagyrine",5351589
"4459","(-)-sophocarpine",115269
"4460","(+)-12alpha-Hydroxysophocarpine",44408595
"4461","(+)-9alpha-hydroxymatrine",0
"4462","(+)-allomatrine",7000681
"4463","(+)-lehmannine",3041752
"4464","(+)-matrine",91466
"4465","(+)-oxymatrine",0
"4466","(+)-oxysophocarpine",0
"4467","kuraidin",44428631
"4468","kurarinol",44563198
"4469","kushenol H",0
"4470","kushenol K",5318897
"4471","sophoflavescenol",9929189
"4472","trifolirhizin",442827
"4483","quercitrin",5280459
"4486","a-humulene",6508206
"4487","delta-cadinene",441005
"4488","delta-elemene",12309449
"4489","germacrene-D",91723653
"4490","trans-beta-caryophyllene",5281515
"4491","1, 4-methano-1 H-indene",0
"4492","alpha-pinene",6654
"4493","Beta-Phellandrene",11142
"4494","delta-cadinene",441005
"4495","germacrene D",5317570
"4496","germacrene-D",91723653
"4497","myrcene",31253
"4498","?-pinene",0
"4499","?-thujone",0
"4500","?-phellandrene",0
"4552","pinoresinol-4-O-beta-D-glucopyranoside",486614
"4563","taraxerol",92097
"4573","beta-sitosterol",222284
"4574","daucosterol",5742590
"4577","oleanolic acid",10494
"4591","11-deoxyswietenialide D",0
"4592","12alpha-acetoxyswietephragmin C",102279628
"4593","12alpha-acetoxyswietephragmin D",102279630
"4594","1-O-acetylkhayanolide A",0
"4595","1-O-Acetylkhayanolide B",101076684
"4596","1-O-Deacetylkhayanolide E",91895449
"4597","2,11-diacetoxyswietenialide D",0
"4598","2-acetoxyswietenialide D",0
"4599","3beta,6-dihydroxydihydrocarapin",21672225
"4600","3beta-O-destigloyl-3beta-O-benzoyl-12alpha-acetoxyswietephragmin C",102279629
"4601","3beta-O-destigloyl-3beta-O-benzoyl-12alpha-acetoxyswietephragmin D",102279631
"4602","3beta-O-destigloyl-3beta-O-benzoyl-6-O-acetylswietephragmin E",102279627
"4603","6-O-acetylswietephragmin E",102279626
"4604","augustineolide",21672224
"4605","catechin",9064
"4606","epicatechin",72276
"4607","epoxyfebrinin B",101321330
"4608","Khayalactone",101936275
"4609","Khayanolide A",76330468
"4610","Khayanolide B",76319611
"4611","Khayanolide E",0
"4612","Khayanone",0
"4613","methyl-6-?-hydroxy angolensate",0
"4614","O-acetyl-swietenolide",0
"4615","swietemacrophyllanin",102033438
"4616","Swietenine J",0
"4617","swietenitin A",101486442
"4618","swietenitin B",101486443
"4619","swietenitin C",101486444
"4620","swietenitin D",101486445
"4621","swietenitin E",101486446
"4622","swietenitin F",101486447
"4623","swietenitin G",101486448
"4624","swietenitin H",101486449
"4625","swietenitin I",101486450
"4626","swietenitin J",101486452
"4627","swietenitin K",101486453
"4628","swietenitin L",101486454
"4629","swietenitin M",101486451
"4630","swietenitin M",101486451
"4631","swietenitin N",101786375
"4632","swietenitin O",101786376
"4633","swietenitin P",101786377
"4634","swietenitin Q",101786378
"4635","swietenitin R",101786379
"4636","swietenitin S",101786380
"4637","swietenitin T",101786381
"4638","swietenitin U",0
"4639","swietenitin V",101786383
"4640","swietenitin W",101786384
"4641","swietenitin X",101786385
"4642","Swietenolide diacetate",23258997
"4666","5,7-dihydroxy-2-methylchromone 8-C-beta-D-glucopyranoside",0
"4667","apigenin 6-C-[beta-D-xylopyranosyl-(1'''-->2'')-beta-D-galactopyranoside]-7-O-beta-D-(6-O-p-coumarylglucopyranoside)",0
"4668","apigenin 6-C-[beta-D-xylopyranosyl-(1'''-->2'')-beta-D-galactopyranoside]-7-O-beta-D-glucopyranoside",0
"4669","biflorin",441959
"4670","ellagic acid",5281855
"4671","gallic acid",370
"4672","kaempferol",5280863
"4673","myricetin",5281672
"4674","oleanolic acid",10494
"4675","rhamnocitrin",5320946
"4676","beta-daucosterol",5742590
"4677","beta-sitosterol",222284
"4679","oleanolic acid",10494
"4680","pomolic acid",382831
"4681","ursolic acid",64945
"4682","19(S)-hydroxyibogamine",11077316
"4683","19-epi-isovoacristine",10362598
"4684","3R/S-ethoxy-19-epi-heyneanine",0
"4685","3R/S-ethoxyheyneanine",0
"4686","conodiparine A",0
"4687","conodiparine B",101226042
"4688","conodiparine C",101226043
"4689","conodiparine D",101226044
"4690","conodiparine E",101226045
"4691","conodiparine F",101226046
"4692","conodutarine A",101226047
"4693","conodutarine B",101226048
"4694","cononitarine A",101226049
"4695","cononitarine B",101226050
"4696","isovoacryptine",0
"4697","jerantinine A",25112179
"4698","jerantinine B",25058083
"4699","jerantinine C",25058084
"4700","jerantinine D",25058085
"4701","jerantinine E",25058086
"4702","jerantinine F",25112180
"4703","jerantinine G",102412090
"4704","jerantinine H",102508395
"4705","jerantiphylline A",102508393
"4706","jerantiphylline B",102508394
"4707","tabernaricatine A",102220194
"4708","tabernaricatine B",0
"4709","tabernaricatine C",102220195
"4710","tabernaricatine D",0
"4711","tabernaricatine E",0
"4712","tabernaricatine F",0
"4713","tabernaricatine G",0
"4714","4-allylanisole",8815
"4715","trans-anethole",637563
"4716","alkaloids",0
"4717","1,3-di-O-galloyl-4,6-O-(S)-hexahydroxydiphenoyl-beta-D-glucose",119079121
"4718","3alpha-(3'',4''-dihydroxy-trans-cinnamoyloxy)-D-friedoolean-14-en-28-oic acid",0
"4719","3-O-trans-caffeoylisomyricadiol",0
"4720","coniferyl alcohol 4-O-sulphate",129845814
"4721","gemin D",471119
"4722","hippomanin A",323958
"4723","hirtellin A",16130371
"4724","kaempferol 4'-methyl ether",5281666
"4725","methyl ferulate 3-O-sulphate",0
"4726","nilotinin D1",102481761
"4727","nilotinin D2",102481762
"4728","nilotinin D3",102481763
"4729","nilotinin M1",102481760
"4730","quercetin 3-O-beta-D-glucupyranuronide",0
"4731","remurin A",16130314
"4732","remurin B",0
"4733","tamarixetin",5281699
"4734","1,8-cineole",2758
"4736","beta-thujone",91456
"4737","Carvone",7439
"4738","1,8-cineole",2758
"4739","cis-chrysanthenyl acetate",6431301
"4740","palmitic acid",985
"4741","palmitic acid methyl ester",8181
"4742","sitosterol",222284
"4743","stigmasterol",5280794
"4744","thymol",6989
"4745","trans-chrysanthenyl acetate",10899521
"4746","trans-thujone",91456
"4747","umbellulone",91195
"4757","beta-sitosterol",222284
"4758","caffeic acid",689043
"4759","caffeic acid",689043
"4764","gallic acid",370
"4769","hesperidin",10621
"4776","luteolin",5280445
"4777","luteolin",5280445
"4783","palmitic acid",985
"4784","p-coumaric acid",637542
"4787","quercetin",5280343
"4788","quercetin",5280343
"4794","stigmasterol",5280794
"4795","stigmasterol",5280794
"4796","syringic acid",10742
"4798","taraxasteryl acetate",13889352
"4799","taraxasteryl acetate",13889352
"4800","beta-sitosterol",222284
"4801","daucosterol",5742590
"4803","gallic acid",370
"4804","isoquercitrin",5280804
"4805","quercetin",5280343
"4806","quercitrin",5280459
"4808","rutin",5280805
"4809","alkaloids",0
"4810","alkaloids",0
"4811","beta-sitosterol",222284
"4813","catechin",9064
"4814","daucosterol",5742590
"4817","maslinic acid",73659
"4818","oleanolic acid",10494
"4821","vanillic acid",8468
"4823","(E)-beta-farnesene",5281517
"4824","1,8-cineole",2758
"4825","beta-caryophyllene",5281515
"4827","caryophyllene oxide",1742210
"4844","alkaloids",0
"4846","beta-myrcene",31253
"4847","carvacrol",10364
"4848","gamma-terpinene",7461
"4849","p-cymene",7463
"4850","trans-caryophyllene",5281515
"4855","Alkaloids",0
"4859","magnoflorine",73337
"4874","camphene",6616
"4875","carvacrol",10364
"4878","limonene",22311
"4879","myrcene",31253
"4881","thymol",6989
"4883","?-pinene",0
"4885","?-pinene",0
"4894","Diterpenes",0
"4917","beta-daucosterol",5742590
"4918","beta-sitosterol",222284
"4923","taraxerol",92097
"4926","hesperidin",10621
"4927","3-O-fucopyranosylsaikogenin F",0
"4928","luteolin",5280445
"4929","verbathasin A",0
"4936","kaempferol",5280863
"4940","stigmasterol",5280794
"4943","alkaloids",0
"4957","kaempferol",5280863
"4961","quercetin",5280343
"4972","kaempferol",5280863
"4982","myricetin",5281672
"4984","quercetin",5280343
"4990","alkaloids",0
"4991","16-alpha-hydroxykauranoic acid",0
"4992","alpha-phellandrene",7460
"4993","alpha-pinene",6654
"4994","annomontacin",132076
"4995","annonacin",354398
"4996","beta-myrcene",31253
"4997","beta-myrcene",31253
"4998","beta-phellandrene",11142
"4999","gigantetrocin A",11114652
"5000","gigantetronenin",6439484
"5001","p-cymene",7463
"5002","p-mentha-1(7),8-diene",68140
"5003","Venezenin",10438659
"5004","xylomatenin",10484035
"5005","xylomaticin",10077684
"5006","xylopiacin",10438931
"5007","xylopianin",10326191
"5008","Xylopien",10438900
"5009","(E)-beta-ocimene",5281553
"5010","(E)-caryophyllene",5281515
"5011","beta-elemene",6918391
"5012","bicyclogermacrene",13894537
"5013","delta-cadinene",441005
"5014","delta-selinene",520383
"5015","germacrene B",5281519
"5016","germacrene D",5317570
"5017","?-copaene",0
"5018","?-muurolene",0
"5019","?-cadinene ",0
"5041","5-methoxycanthin-6-one",259218
"5042","canthin-6-one",97176
"5061","stearic acid",5281
